clean_text,published_At
sooryavanshi line call india fasttrack yearold top following run topping display ipl vaibhav sooryavanshi lined indias youngest player,2026-06-05T08:49:29Z
vaibhav sooryavanshi yearold sensation called indias squad fresh heroics ipl teenage sensation sooryavanshi could become youngestever debutant india,2026-06-06T10:35:30Z
year fans died rcbs ipl title celebrations police chargesheet pending karnataka cid police informed high court march year readiness police file chargesheet stampede deaths,2026-06-04T10:06:39Z
bowling lineups work cut srh asst coach travishek vaibhavjaiswal sunrisers hyderabad rajasthan royals boast explosive opening combinations travis head abhishek sharma yashasvi jaiswal vaibhav sooryavanshi respectively,2026-05-26T16:12:24Z
cricket fandom already digital fan tokens could next mov think tokens digital exclusive membership passes fans could buy socios unlock experiences tied favourite clubs like voting smaller fanfacing decisions accessing exclusive merchandise participating contests earn,2026-05-24T06:39:42Z
kmile infiniti g ipl coupe infiniti g ipl remained registered missouri original owner acquired seller k miles finished malbec black monaco red leather car powered liter v linked seven,2026-05-19T18:41:30Z
fifa signed world cup broadcast deal india world cup weeks away fifa struggling find broadcast rights buyers worlds populous country,2026-05-19T14:01:16Z
fifa signed world cup broadcast deal india world cup weeks away fifa struggling find broadcast rights buyers worlds populous country,2026-05-19T14:01:16Z
bhuvneshwar kumar became bowler one read bowling action went wrong wobble seam sachin stopped analyse bhuvneshwar kumar spent years removing signal,2026-06-09T06:40:49Z
watch kyunki saas bhi kabhi bahu thi online anywhere india us uk australia heres watch kyunki saas bhi kabhi bahu thi online anywhere world potentially even free,2026-05-15T16:09:39Z
didnt feel like pressure virat kohli reveals difference rcbs ipl title wins following rcbs backtoback ipl final victory gt virat kohli opens breaking pressure cycle trusting squads deep roster,2026-05-31T19:15:46Z
rcb join mi csk elite list list teams win backtoback ipl titles ipl triumph royal challengers bengaluru became third franchise tournament history win backtoback titles,2026-05-31T18:20:19Z
qualifier ipl playoffs explained format complete history results makes qualifier ultimate ipl knockout explore highstakes history details upcoming clash new chandigarh,2026-05-25T12:01:28Z
lsgs greatest contribution ipl champions andy flower wins backtoback titles rcb coach lucknow exit lsg released andy flower head coach ipl campaign went win backtoback ipl titles rcb,2026-06-01T08:35:13Z
list top highest successful run chases ipl narendra modi stadium ahmedabad sporting news looks best run chases indian premier league gujarat titans home ground ahmedabad ahead season,2026-05-31T09:30:00Z
qualifier ipl playoffs explained format complete history results qualifier matter much dive complete ipl playoff history get key details upcoming clash dharamshala,2026-05-22T18:10:00Z
eliminator ipl playoffs explained format complete history results one mistake youre dive ipl eliminator history preview highstakes may showdown new chandigarh,2026-05-21T17:55:24Z
many trophies rcb full list ipl wpl titles royal challengers bengaluru rcb trophies long wait backtoback glory full ipl wpl titles explained detail,2026-06-01T06:32:22Z
ipl miniauction rcb release players despite successfully defending title despite stellar ipl title defense royal challengers bengaluru must make ruthless decisions ahead ipl miniauction fix glaring tactical vulnerabilities,2026-06-01T12:21:12Z
ipl srh vs rr prediction lineups pitch report betting tips vaibhav sooryavanshi plays first eliminator srh vs rr ipl eliminator vaibhav sooryavanshi faces first ipl eliminator cummins side awaits mullanpur,2026-05-26T12:23:45Z
ipl breaks alltime batting record plus team totals ipl season record number plus scores scored ongoing ipl season,2026-05-17T12:24:54Z
rcbs record ipl finals total appearances results highest score win percentage look royal challengers bengalurus ipl final history including appearances results highest score win percentage,2026-05-31T11:18:13Z
shubman gill captaincy record formats tests tis odis ipl ipl playoff round around corner heres complete look shubman gills leadership record across formats international cricket ipl,2026-05-26T06:51:00Z
virat kohli trophy cabinet every major trophy rcb india legend listed heres full list every major title rcb india legend,2026-05-31T18:00:03Z
englands archer may ready second test jofra archer may ready play england second test new zealand missing first following stint indian premier league,2026-06-02T15:02:34Z
highest totals ipl playoffs history top biggest team scores listed ipl playoffs produced jawdropping totals heres definitive ranked list ten biggest team scores knockout history,2026-05-26T16:01:59Z
rishabh pant steps lsg captain lucknow retain trade release crore star ahead miniauction rishabh pant stepped lsg captain friday franchise finished bottom ipl points table,2026-05-29T12:32:44Z
vaibhav sooryavanshi vs jasprit bumrah head head record matches scores rr takes mi ipl sooryavanshi faced bumrah twice ipl history,2026-05-24T10:49:36Z
rcbs ahmedabad record title triumph gives hope ahead ipl final vs gujarat titans defending champions royal challengers bengaluru face gujarat titans ipl final ahmedabads narendra modi stadium rcb leagues top side enter momentum dominant qualifier win however gt draw confidence playing,2026-05-30T10:59:00Z
ipl injury replacements full list players ruled replaced countdown begun upcoming edition indian premier league start march,2026-05-19T09:07:15Z
jaw floor vaibhav sooryavanshis outrageous vs ipl stat leaves fans disbelief vaibhav sooryavanshi topped unique ipl list massive margin run campaign ipl far,2026-05-27T19:50:00Z
rcbs record ipl playoffs matches wins highest scores royal challengers bengaluru ipl qualifiers eliminators heres royal challengers bengaluru performed ipl playoffs,2026-05-25T21:30:01Z
heat back ca plan open bbl season india cricket australia spoken bbl franchises plan open seasons bbl showdown india,2026-05-19T06:53:11Z
ipl winners seasons full list indian premier league champions year complete list indian premier league winners,2026-05-31T14:09:23Z
ipl teams set captaincy change hardik pandya rishabh pant ajinkya rahane fire poor season ipl league stage came end may rcb gt srh rr qualified playoffs,2026-05-25T12:24:49Z
anshul kamboj makes unwanted ipl history highest economy rate match listed csk india international anshul kamboj made unwanted ipl history lsg friday,2026-05-16T05:08:39Z
list top highest successful run chases ipl narendra modi stadium ahmedabad sporting news looks best run chases indian premier league gujarat titans home ground ahmedabad ahead season,2026-05-31T09:30:00Z
pant steps captain lucknow finish bottom ipl may rishabh pant given captaincy lucknow super giants finished bottom indian premier league first time franchise announced fridaywicketkeeperbatter pant picked lucknow tournamentreco,2026-05-29T12:38:33Z
player match ipl final full list potm winners ipl finals complete list players man match awards ipl final onwards,2026-05-31T15:36:38Z
gt coaching staff ipl full list gujarat titans coach support staff indian premier league gujarat titans locked coaching support staff ipl,2026-05-31T14:30:00Z
vaibhav sooryavanshi succeed test cricket india rr teen prodigy eyes ultimate dream beyond ipl stardom vaibhav sooryavanshi became youngest player history ipl win orange cap,2026-06-01T07:51:54Z
year drought backtoback titles rcb playing like seasoned champions ipl many sides boast winning backtoback ipl titles given competitive volatile tournament virat kohli rcb verge joining elite list back transformational approach cricket,2026-05-26T18:53:00Z
gt advantage rcb ipl final ahmedabad shubman gills record venue gujarat titans prepare face rcb ipl final phenomenal record narendra modi stadium mean plans place second title cn breaks shubman gills ahmedabad stats gts home dominance,2026-05-30T13:01:20Z
successful ms dhoni rohit sharma lsg owner sanjiv goenkas year prediction rishabh pant falls flat two seasons lsg owner sanjiv goenkas year prediction rishabh pant falls flat two seasons,2026-05-29T14:00:36Z
ipl teams decorated full list champions title winners chennai super kings mumbai indians decorated teams history indian premier league,2026-05-31T14:00:00Z
rcb record ipl playoffs royal challengers bengalurus full ipl playoff history royal challengers bengaluru given fans thrilling nights ipl history gutting mornings,2026-05-25T03:37:00Z
feels extra special virat kohlis emotional social media post rcb crowned backtoback ipl champions following royal challengers bengalurus historic ipl title defence gujarat titans star batter virat kohli shared social media post declaring rcb home read viral message,2026-06-09T06:21:01Z
numbers dont lie rishabh pants form scrutiny two disappointing seasons lsg rishabh pant yet justify expensive player ipl tag leading lsg two consecutive seasons,2026-05-20T12:59:43Z
pcb chief mohsin naqvi attend ipl final icc meeting held ahmedabad pakistan cricket board chairman mohsin naqvi could attend icc quarterly meeting held ahmedabad ipl final,2026-05-16T09:42:14Z
srhs record ipl playoffs matches wins highest scores sunrisers hyderabad ipl qualifiers eliminators sunrisers hyderabad one sides swung brilliance disappointment since inception,2026-05-26T21:30:01Z
ranking ipl biggest flops stars failed deliver ft ruturaj gaikwad rishabh pant list players flopped miserably ipl campaign,2026-05-24T18:30:49Z
englands archer may ready second test jofra archer may ready play england second test new zealand missing first following stint indian premier league,2026-06-02T15:02:38Z
ts rr wonderkid vaibhav sooryavanshi aims achieve herculean dream vaibhav sooryavanshi toast indian cricket ongoing ipl campaign,2026-05-25T16:50:14Z
kid special virat kohlis eyebrowraising reaction vaibhav sooryavanshis ipl orange cap win revealed heres virat kohli reacted vaibhav sooryavanshi winning ipl orange cap revealed former rcb teammate ab de villiers,2026-06-01T03:28:08Z
vaibhav sooryavanshi pele cricket yearold sensation defying logic battering reputations stunning ipl season rajasthan royals teenage sensation vaibhav sooryavanshi well truly announced game mad ipl campaign defied logic belief manner feat comparisons great another game pe,2026-05-27T17:42:07Z
csk qualify ipl playoffs chances scenarios history wins needed chennai super kings csks playoff qualification scenarios fight keep ipl campaign alive,2026-05-18T12:20:02Z
highest totals ipl top biggest team scores listed record books indian premier league rewritten spectacular fashion royal challengers bengaluru unleashed batting masterclass struggling chennai super kings sunday evening chinnaswamy,2026-05-16T17:00:00Z
ipl csk vs srh prediction lineups pitch report betting tips pat cummins meets ruturaj gaikwad csk vs srh chennai host hyderabad crucial ipl clash sides desperately fighting playoff survival,2026-05-17T16:09:37Z
wonderkid vaibhav sooryavanshi gets maiden india callup wonderkid vaibhav sooryavanshi called india first time saturday named squad tours ireland england well asian games yearold opening batter youngest cricketer get india ca,2026-06-06T13:03:24Z
virat kohli ultimate big match player detailing sensational record major finals virat kohli actually deliver grandest stage exploring sensational performances across international finals breaking key statistics,2026-05-31T19:56:13Z
sairaj bahutule indias new spin bowling coach gautam gambhir bcci appoints former legspinner sairaj bahutule team indias new spin bowling coach discover coaching record ipl stints domestic legacy,2026-06-02T14:02:22Z
shreyas iyer captaincy record formats tests tis odis ipl shreyas iyer confirmed indias new ti captain take look leadership record across various tournaments formats,2026-06-06T19:22:12Z
rcb openbus victory parade year date time venue details ipl trophy celebrations royal challengers bengaluru backtoback ipl titles city bengaluru desperate celebrate question whether public parade happen remains unanswered,2026-05-31T20:51:53Z
rishabh pant sacked captain lsg consider leadership reset poor ipl campaign lucknow super giants came ipl point prove finishing seventh previous season ended making things considerably worse,2026-05-24T04:56:14Z
always ready harry kane swaps football cricket ahead world cup offers services virat kohlis rcb england captain harry kane traded football cricket world cup training session offered play ipl champions rcb virat kohli,2026-06-10T04:00:05Z
passport agent fivetime ipl champion rcbs krunal pandya shares inspirational life story krunal pandya might fivetime ipl champion backstory resilience fans might thought finally took chance open,2026-06-04T18:07:23Z
lowest totals ipl playoffs history top lowest team scores listed batting collapses unforgettable playoff disasters lowest team totals ever recorded ipl playoff history,2026-05-25T11:35:54Z
hardik pandya trade kkr michael vaughan proposes shock cameron green swap failed mi captaincy experiment michael vaughan suggested stunning ipl trade could see hardik pandya leave mumbai indians kkr cameron green heading way,2026-05-21T07:09:47Z
ipl dewald brevis recalls ms dhonis fouryearold tip thats one piece advice south african batter dewald brevis revealed ms dhoni advised stay confident without becoming overconfident lesson still follows since ipl brevis praised dhonis calmness humility leadership chennai super kings also cal,2026-05-20T17:32:00Z
ipls purple cap award full list winners taking wickets ipl season former pakistan rajasthan royals bowler sohail tanveer firstever ipl purple cap award,2026-05-31T16:38:22Z
suryakumar yadav reportedly set lose indias ti captaincy ipl form reasons explained suryakumar yadavs ti captaincy reportedly review poor ipl campaign extended dip form,2026-06-04T08:39:19Z
coaching staff players rcb bound winning franchise ipl triumph rcbs ipl triumph heralds new era franchise look set dominate years come according cricket news columnist jamie alter,2026-06-01T11:52:25Z
kohli inspires rcb backtoback ipl titles virat kohlis imperious unbeaten helps royal challengers bengaluru fivewicket win gujarat titans indian premier league final securing backtoback titles,2026-05-31T19:00:24Z
players could quit england strict ipl stance captain ben stokes warns players could abandon international cricket england take hardline stance indian premier league,2026-06-03T14:57:04Z
kkr vs gt doubleheaders saturday may ipl hoping catch two ipl matches saturday may luck board control cricket india built doubleheaders ipl calendar chapter firmly closed saturdays,2026-05-16T03:09:46Z
csk vs srh headtohead ipl last matches records chennai hyderabad home stadiums chennai super kings gearing blockbuster away clash sunrisers hyderabad april,2026-05-18T09:25:47Z
rohit sharma mi captain ipl exploring mumbai indians captaincy options hardik pandya sacked rohit sharma net mi captain kingmaker find,2026-05-29T06:53:14Z
nsa ajit doval russian presidential aide patrushev review maritime defence cooperation doval patrushev assessed status proposals discussed patrushevs visit new delhi november discussions focused expanding cooperation maritime connectivity shipbuilding defence collaboration training sailor,2026-05-30T04:19:41Z
indias next ti captain suryakumar set lose captaincy months world cup win suryakumar yadav set lose indias ti captaincy ireland series,2026-06-03T14:26:24Z
ipl final rcb vs gt prediction lineups pitch report betting tips shubman gill meets rajat patidar sporting news brings ipl final prediction rcb vs gt shubman gill rajat patidar meets glory,2026-05-30T13:54:11Z
srh vs rr eliminator ipl live score toss winner winning probability result highlights new chandigarh sunrisers hyderabad take rajasthan royals ipl eliminator wednesday evening new cricket stadium new chandigarh,2026-05-27T12:35:11Z
ipl lsg vs pbks prediction lineups pitch report betting tips iyer faces pant must win ekana lsg vs pbks sporting news full coverage ipl showdown including predictions lineups pitch report,2026-05-22T14:00:01Z
ipl team tournament best xi captain impact player featuring vaibhav sooryavanshi vaibhav sooryavanshi bhuvneshwar kumar heinrich klaasen cricket news ipl team tournament captain impact player picks,2026-05-31T06:39:21Z
ipl mvp award winners full list valuable players tournament ipl mvp award winner check final valuable player standings ultimate index points topperforming stars,2026-05-31T13:49:00Z
upi transactions hit record high lakh cr may upi transactions soared record lakh crore may driven summer travel ipl excitement,2026-06-01T07:15:04Z
ipl playoffs top highest successful run chases indian premier league knockout matches top highest run chases history indian premier league knockout matches listed,2026-05-30T04:30:00Z
gt vs rr live score toss winner winning probability result highlights ipl qualifier match gujarat titans take rajasthan royals ipl qualifier friday evening new cricket stadium new chandigarh winner set face rcb final sunday,2026-05-29T12:07:00Z
ipl ekana cricket stadium pitch report batting bowling records average scores chances dew lucknow lucknow super giants prepare host royal challengers bengaluru th match ipl season bharat ratna shri atal bihari vajpayee ekana cricket stadium thursday evening,2026-05-15T05:00:20Z
impact players ipl comprehensive list every impact player used indian premier league teams several indian premier league captains expressed reservations regarding impact player rule indias premier competition ahead ipl season,2026-05-25T10:39:00Z
astrology prediction win rcb vs gt ipl final match ahmedabad win ultimate battle ahmedabad read cns detailed rcb vs gt ipl final astrology prediction see stars plans place rcbs second title lift,2026-05-30T15:01:39Z
went wrong pbks ipl punjab kings bowling fielding issues behind secondhalf season collapse punjab kings came ipl looking like genuine title contenders stormed opening half season without tasting defeat winning six first seven matches looking every bit finished article,2026-05-24T18:57:02Z
ipl gt vs rr prediction lineups pitch report betting tips vaibhav sooryavanshi meets kagiso rabada qualifier gt vs rr vaibhav sooryavanshi goes head head gujarat titans pace ace kagiso rabada qualifier,2026-05-28T12:47:22Z
highest successful run chases cricket narendra modi stadium ahmedabad full list records including ipl tis narendra modi stadium home gujarat giants indian premier league,2026-05-31T15:50:00Z
buy mpl ticket rs rs season madhya pradesh league ticket sales start online soon holkar stadium entry rs mpl runs june matches ipl stars,2026-05-22T19:09:53Z
virat kohli forced retire tests former india captain opens past decisions world cup plans virat kohli announced retirement test cricket may,2026-05-15T09:33:36Z
best cricket betting sites india bet online live matches june explore ten indias finest cricket betting sites ranked reviewed help bet confidence today,2026-06-01T12:52:01Z
ipl lsg vs csk prediction lineups pitch report betting tips overton less visitors arrive ekana lsg vs csk super kings arrive ekana without overton playoff destiny still firmly remains hands,2026-05-15T04:30:34Z
ipl gt vs csk prediction lineups pitch report betting tips shubman gill meets ruturaj gaikwad gt vs csk shubman gills gujarat titans face desperate chennai super kings side playoff hopes hanging thread,2026-05-21T06:20:01Z
quick commerce platforms liable betting ads ed tests zeptos defence ed asked zepto participate investigation parimatch advertisements appeared platform delivery flyers post quick commerce platforms liable betting ads ed tests zeptos defence appeared first med,2026-06-06T08:05:44Z
ipl kkr vs mi prediction lineups pitch report betting tips rohit sharma eyes big score kkr vs mi kkrs playoff hopes collide resurgent mumbai indians side rohit sharma returns eden gardens,2026-05-19T15:39:46Z
